Workbook

Sheet Contents
A1: This file presents the data from the figures in CBO’s January 2025 report The Demographic Outlook: 2025 to 2055.
A2: www.cbo.gov/publication/60875
A4: On May 2, 2025, CBO reposted this file to change the values underlying Figures 9, 10, and 15 to be consistent with the presentation of the demographic projections in other CBO publications.
A6: Contents
A8: Figures
A9: ='Figure 1'!A5 -> Figure 1. Population Growth and Contributing Factors
A10: ='Figure 2'!A5 -> Figure 2. Population Size, by Age Group
A11: ='Figure 3'!A5 -> Figure 3. The Population Ages 25 to 64 Relative to the Population Age 65 or Older
A12: ='Figure 4'!A5 -> Figure 4. Fertility Rates, by Age Group
A13: ='Figure 5'!A5 -> Figure 5. Fertility Rates, by Mother’s Place of Birth
A14: ='Figure 6'!A5 -> Figure 6. Mortality Rate, Adjusted for Age and Sex
A15: ='Figure 7'!A5 -> Figure 7. Net Immigration
A16: ='Figure 8'!A5 -> Figure 8. Net Immigration, by Category
A17: ='Figure 9'!A5 -> Figure 9. Two Measures of the Civilian Noninstitutionalized Population
A18: ='Figure 10'!A5 -> Figure 10. BLS Through 2024 Plus CBO Projection of the Civilian Noninstitutionalized Population, by Age Group
A19: ='Figure 11'!A5 -> Figure 11. Population Size, by Age Group, in CBO’s 2024 and 2025 Projections
A20: ='Figure 12'!A5 -> Figure 12. Fertility Rates, by Age Group, in CBO’s 2024 and 2025 Projections
A21: ='Figure 13'!A5 -> Figure 13. Mortality Rate, Adjusted for Age and Sex, in CBO’s 2024 and 2025 Projections
A22: ='Figure 14'!A5 -> Figure 14. Net Immigration in CBO’s 2024 and 2025 Projections
A23: ='Figure 15'!A5 -> Figure 15. BLS Through 2024 Plus CBO Projection of the Civilian Noninstitutionalized Population, by Age Group, in CBO’s 2024 and 2025 Projections
A24: ='Figure A-1'!A5 -> Figure A-1. CBO’s and Other Agencies’ Projections of the Size of the Population
A25: ='Figure A-2'!A5 -> Figure A-2. CBO’s and Other Agencies’ Projections of Fertility Rates, by Age Group
A26: ='Figure A-3'!A5 -> Figure A-3. CBO’s and Other Agencies’ Projections of Life Expectancy at Birth
A27: ='Figure A-4'!A5 -> Figure A-4. CBO’s and Other Agencies’ Projections of Net Immigration

Sheet Figure 1
A1: This file presents the data from the figures in CBO’s January 2025 report The Demographic Outlook: 2025 to 2055.
A2: www.cbo.gov/publication/60875
A5: Figure 1. Population Growth and Contributing Factors
A6: Percent
B8: Population growth | C8: Births minus deaths | D8: Net immigration
A9: 2005 | B9: 1.148 | C9: 0.527 | D9: 0.621
A10: 2006 | B10: 1.12 | C10: 0.57 | D10: 0.55
A11: 2007 | B11: 0.867 | C11: 0.582 | D11: 0.285
A12: 2008 | B12: 0.588 | C12: 0.532 | D12: 0.055
A13: 2009 | B13: 0.796 | C13: 0.508 | D13: 0.288
A14: 2010 | B14: 0.758 | C14: 0.483 | D14: 0.275
A15: 2011 | B15: 0.703 | C15: 0.453 | D15: 0.25
A16: 2012 | B16: 0.67 | C16: 0.446 | D16: 0.225
A17: 2013 | B17: 0.698 | C17: 0.418 | D17: 0.28
A18: 2014 | B18: 0.965 | C18: 0.418 | D18: 0.547
A19: 2015 | B19: 0.885 | C19: 0.392 | D19: 0.493
A20: 2016 | B20: 0.683 | C20: 0.383 | D20: 0.301
... A59: 2055 | B59: 0.02 | C59: -0.277 | D59: 0.297
A62: Back to Table of Contents

Sheet Figure 2
A1: This file presents the data from the figures in CBO’s January 2025 report The Demographic Outlook: 2025 to 2055.
A2: www.cbo.gov/publication/60875
A5: Figure 2. Population Size, by Age Group
A6: Millions of people
B8: 24 or younger | C8: 25 to 54 | D8: 55 to 64 | E8: 65 or older | F8: Total
A9: 1975 | B9: 98.876 | C9: 80.999 | D9: 20.674 | E9: 23.083 | F9: 223.632
A10: 1976 | B10: 98.663 | C10: 82.222 | D10: 20.975 | E10: 23.66 | F10: 225.52
A11: 1977 | B11: 98.225 | C11: 83.675 | D11: 21.303 | E11: 24.241 | F11: 227.443
A12: 1978 | B12: 97.9 | C12: 85.277 | D12: 21.583 | E12: 24.846 | F12: 229.605
A13: 1979 | B13: 97.554 | C13: 86.963 | D13: 21.839 | E13: 25.44 | F13: 231.797
A14: 1980 | B14: 97.243 | C14: 88.746 | D14: 22.108 | E14: 26.044 | F14: 234.141
A15: 1981 | B15: 96.9 | C15: 90.546 | D15: 22.304 | E15: 26.59 | F15: 236.34
A16: 1982 | B16: 96.479 | C16: 92.514 | D16: 22.464 | E16: 27.161 | F16: 238.617
A17: 1983 | B17: 95.996 | C17: 94.583 | D17: 22.595 | E17: 27.767 | F17: 240.94
A18: 1984 | B18: 95.535 | C18: 96.665 | D18: 22.702 | E18: 28.288 | F18: 243.19
A19: 1985 | B19: 95.049 | C19: 98.873 | D19: 22.712 | E19: 28.843 | F19: 245.478
A20: 1986 | B20: 94.762 | C20: 101.048 | D20: 22.615 | E20: 29.422 | F20: 247.848
... A89: 2055 | B89: 93.099 | C89: 143.877 | D89: 47.997 | E89: 87.066 | F89: 372.039
A92: Back to Table of Contents

Sheet Figure 3
A1: This file presents the data from the figures in CBO’s January 2025 report The Demographic Outlook: 2025 to 2055.
A2: www.cbo.gov/publication/60875
A5: Figure 3. The Population Ages 25 to 64 Relative to the Population Age 65 or Older
A6: Ratio
B8: Ratio
A9: 1950 | B9: 6.338
A10: 1951 | B10: 6.209
A11: 1952 | B11: 6.067
A12: 1953 | B12: 5.924
A13: 1954 | B13: 5.776
A14: 1955 | B14: 5.647
A15: 1956 | B15: 5.542
A16: 1957 | B16: 5.448
A17: 1958 | B17: 5.335
A18: 1959 | B18: 5.22
A19: 1960 | B19: 5.112
A20: 1961 | B20: 5.019
... A114: 2055 | B114: 2.204
A117: Back to Table of Contents

Sheet Figure 4
A1: This file presents the data from the figures in CBO’s January 2025 report The Demographic Outlook: 2025 to 2055.
A2: www.cbo.gov/publication/60875
A5: Figure 4. Fertility Rates, by Age Group
A6: Births per woman
B8: Ages 14 to 29 | C8: Ages 30 to 49 | D8: Total fertility rate
A9: 1975 | B9: 1.385 | C9: 0.385 | D9: 1.77
A10: 1976 | B10: 1.358 | C10: 0.387 | D10: 1.745
A11: 1977 | B11: 1.395 | C11: 0.399 | D11: 1.795
A12: 1978 | B12: 1.364 | C12: 0.401 | D12: 1.764
A13: 1979 | B13: 1.4 | C13: 0.416 | D13: 1.817
A14: 1980 | B14: 1.4 | C14: 0.42 | D14: 1.82
A15: 1981 | B15: 1.377 | C15: 0.427 | D15: 1.805
A16: 1982 | B16: 1.372 | C16: 0.442 | D16: 1.814
A17: 1983 | B17: 1.335 | C17: 0.447 | D17: 1.783
A18: 1984 | B18: 1.33 | C18: 0.462 | D18: 1.792
A19: 1985 | B19: 1.354 | C19: 0.481 | D19: 1.835
A20: 1986 | B20: 1.343 | C20: 0.492 | D20: 1.835
... A89: 2055 | B89: 0.619 | C89: 0.977 | D89: 1.596
A92: Back to Table of Contents

Sheet Figure 5
A1: This file presents the data from the figures in CBO’s January 2025 report The Demographic Outlook: 2025 to 2055.
A2: www.cbo.gov/publication/60875
A5: Figure 5. Fertility Rates, by Mother’s Place of Birth
A6: Births per woman
B8: Foreign-born total fertility rate | C8: Native-born total fertility rate | D8: Total fertility rate
A9: 2021 | B9: 1.99 | C9: 1.592 | D9: 1.662
A10: 2022 | B10: 1.978 | C10: 1.598 | D10: 1.665
A11: 2023 | B11: 1.909 | C11: 1.558 | D11: 1.625
A12: 2024 | B12: 1.898 | C12: 1.558 | D12: 1.624
A13: 2025 | B13: 1.882 | C13: 1.558 | D13: 1.623
A14: 2026 | B14: 1.87 | C14: 1.558 | D14: 1.621
A15: 2027 | B15: 1.858 | C15: 1.558 | D15: 1.618
A16: 2028 | B16: 1.847 | C16: 1.558 | D16: 1.616
A17: 2029 | B17: 1.838 | C17: 1.558 | D17: 1.613
A18: 2030 | B18: 1.83 | C18: 1.558 | D18: 1.611
A19: 2031 | B19: 1.823 | C19: 1.558 | D19: 1.609
A20: 2032 | B20: 1.817 | C20: 1.558 | D20: 1.608
... A43: 2055 | B43: 1.802 | C43: 1.558 | D43: 1.596
A46: Back to Table of Contents

Sheet Figure 6
A1: This file presents the data from the figures in CBO’s January 2025 report The Demographic Outlook: 2025 to 2055.
A2: www.cbo.gov/publication/60875
A5: Figure 6. Mortality Rate, Adjusted for Age and Sex
A6: Deaths per 100,000 people
B8: Mortality rate
A9: 1950 | B9: 1687.59
A10: 1951 | B10: 1672.244
A11: 1952 | B11: 1642.05
A12: 1953 | B12: 1635.028
A13: 1954 | B13: 1557.531
A14: 1955 | B14: 1579.952
A15: 1956 | B15: 1581.267
A16: 1957 | B16: 1608.397
A17: 1958 | B17: 1592.637
A18: 1959 | B18: 1563.273
A19: 1960 | B19: 1577.118
A20: 1961 | B20: 1541.669
... A114: 2055 | B114: 643.373
A117: Back to Table of Contents

Sheet Figure 7
A1: This file presents the data from the figures in CBO’s January 2025 report The Demographic Outlook: 2025 to 2055.
A2: www.cbo.gov/publication/60875
A5: Figure 7. Net Immigration
A6: Millions of people
B8: Net immigration
A9: 2000 | B9: 1250
A10: 2001 | B10: 1372
A11: 2002 | B11: 1307
A12: 2003 | B12: 1155
A13: 2004 | B13: 1328
A14: 2005 | B14: 1884
A15: 2006 | B15: 1688
A16: 2007 | B16: 889
A17: 2008 | B17: 174
A18: 2009 | B18: 899
A19: 2010 | B19: 803
A20: 2011 | B20: 728
... A64: 2055 | B64: 1114.047
A67: Back to Table of Contents

Sheet Figure 8
A1: This file presents the data from the figures in CBO’s January 2025 report The Demographic Outlook: 2025 to 2055.
A2: www.cbo.gov/publication/60875
A5: Figure 8. Net Immigration, by Category
A6: Millions of people
B8: LPR+ | C8: INA nonimmigrants | D8: Other foreign nationals
A9: 2000 | B9: 672 | C9: -668.78 | D9: 1246.78
A10: 2001 | B10: 794 | C10: -705.258 | D10: 1283.258
A11: 2002 | B11: 728 | C11: 161.286 | D11: 417.714
A12: 2003 | B12: 575 | C12: 1.842 | D12: 578.158
A13: 2004 | B13: 749 | C13: 154.821 | D13: 424.179
A14: 2005 | B14: 869 | C14: 490.223 | D14: 524.777
A15: 2006 | B15: 910 | C15: 606.682 | D15: 171.318
A16: 2007 | B16: 800 | C16: -592.03 | D16: 681.03
A17: 2008 | B17: 835 | C17: 82.631 | D17: -743.631
A18: 2009 | B18: 832 | C18: 643.867 | D18: -576.867
A19: 2010 | B19: 786 | C19: -37.689 | D19: 54.689
A20: 2011 | B20: 791 | C20: 102.403 | D20: -165.403
... A64: 2055 | B64: 872.742 | C64: 90.49 | D64: 150.816
A67: Back to Table of Contents

Sheet Figure 9
A1: This file presents the data from the figures in CBO’s January 2025 report The Demographic Outlook: 2025 to 2055.
A2: www.cbo.gov/publication/60875
A5: Figure 9. Two Measures of the Civilian Noninstitutionalized Population
A6: Millions of people
B8: Census through 2020 plus CBO projection | C8: BLS through 2024 plus CBO projection
A9: 1980 | B9: 167.39 | C9: 167.745
A10: 1981 | B10: 169.472 | C10: 170.13
A11: 1982 | B11: 171.672 | C11: 172.271
A12: 1983 | B12: 173.684 | C12: 174.215
A13: 1984 | B13: 175.583 | C13: 176.383
A14: 1985 | B14: 177.495 | C14: 178.206
A15: 1986 | B15: 179.522 | C15: 180.586
A16: 1987 | B16: 181.584 | C16: 182.753
A17: 1988 | B17: 183.447 | C17: 184.612
A18: 1989 | B18: 185.103 | C18: 186.393
A19: 1990 | B19: 186.97 | C19: 189.191
A20: 1991 | B20: 189.144 | C20: 190.924
... A84: 2055 | B84: 303.154 | C84: 303.154
A87: Back to Table of Contents

Sheet Figure 10
A1: This file presents the data from the figures in CBO’s January 2025 report The Demographic Outlook: 2025 to 2055.
A2: www.cbo.gov/publication/60875
A5: Figure 10. BLS Through 2024 Plus CBO Projection of the Civilian Noninstitutionalized Population, by Age Group
A6: Millions of people
B8: 16 to 24 | C8: 25 to 54 | D8: 55 to 64 | E8: 65 or older | F8: Total
A9: 1975 | B9: 35.013 | C9: 76.771 | D9: 19.844 | E9: 21.525 | F9: 153.153
A10: 1976 | B10: 35.723 | C10: 78.158 | D10: 20.186 | E10: 22.083 | F10: 156.149
A11: 1977 | B11: 36.268 | C11: 79.611 | D11: 20.558 | E11: 22.596 | F11: 159.033
A12: 1978 | B12: 36.702 | C12: 81.166 | D12: 20.877 | E12: 23.166 | F12: 161.91
A13: 1979 | B13: 37.012 | C13: 82.877 | D13: 21.212 | E13: 23.767 | F13: 164.868
A14: 1980 | B14: 37.178 | C14: 84.697 | D14: 21.52 | E14: 24.35 | F14: 167.745
A15: 1981 | B15: 37.034 | C15: 86.489 | D15: 21.756 | E15: 24.851 | F15: 170.13
A16: 1982 | B16: 36.608 | C16: 88.366 | D16: 21.909 | E16: 25.388 | F16: 172.271
A17: 1983 | B17: 36.074 | C17: 90.244 | D17: 22.003 | E17: 25.894 | F17: 174.215
A18: 1984 | B18: 35.423 | C18: 92.476 | D18: 22.051 | E18: 26.434 | F18: 176.383
A19: 1985 | B19: 34.603 | C19: 94.467 | D19: 22.139 | E19: 26.998 | F19: 178.206
A20: 1986 | B20: 34.066 | C20: 97.013 | D20: 22.012 | E20: 27.496 | F20: 180.586
... A89: 2055 | B89: 34.16 | C89: 139.263 | D89: 47.057 | E89: 82.674 | F89: 303.154
A92: Back to Table of Contents

Sheet Figure 11
A1: This file presents the data from the figures in CBO’s January 2025 report The Demographic Outlook: 2025 to 2055.
A2: www.cbo.gov/publication/60875
A5: Figure 11. Population Size, by Age Group, in CBO’s 2024 and 2025 Projections
A6: Millions of people
B8: 2024 | H8: 2025
B9: 24 or younger | C9: 25 to 54 | D9: 55 to 64 | E9: 65 or older | F9: Total | H9: 24 or younger | I9: 25 to 54 | J9: 55 to 64 | K9: 65 or older | L9: Total
A10: 2025 | B10: 107.431 | C10: 134.728 | D10: 41.49 | E10: 62.585 | F10: 346.234 | H10: 105.963 | I10: 137.451 | J10: 42.507 | K10: 63.886 | L10: 349.806
A11: 2026 | B11: 107.84 | C11: 135.918 | D11: 41.36 | E11: 64.372 | F11: 349.489 | H11: 105.62 | I11: 138.519 | J11: 42.392 | K11: 65.772 | L11: 352.304
A12: 2027 | B12: 107.916 | C12: 136.893 | D12: 41.092 | E12: 66.047 | F12: 351.948 | H12: 105.203 | I12: 139.459 | J12: 42.095 | K12: 67.545 | L12: 354.301
A13: 2028 | B13: 107.653 | C13: 137.748 | D13: 40.633 | E13: 67.649 | F13: 353.683 | H13: 104.698 | I13: 140.412 | J13: 41.603 | K13: 69.228 | L13: 355.941
A14: 2029 | B14: 107.373 | C14: 138.799 | D14: 40.059 | E14: 69.157 | F14: 355.387 | H14: 104.091 | I14: 141.432 | J14: 41 | K14: 70.795 | L14: 357.317
A15: 2030 | B15: 107.096 | C15: 139.804 | D15: 39.576 | E15: 70.583 | F15: 357.058 | H15: 103.468 | I15: 142.396 | J15: 40.504 | K15: 72.256 | L15: 358.624
A16: 2031 | B16: 106.805 | C16: 140.833 | D16: 39.299 | E16: 71.755 | F16: 358.692 | H16: 102.827 | I16: 143.367 | J16: 40.195 | K16: 73.473 | L16: 359.862
A17: 2032 | B17: 106.437 | C17: 141.928 | D17: 39.185 | E17: 72.735 | F17: 360.285 | H17: 102.091 | I17: 144.397 | J17: 40.048 | K17: 74.493 | L17: 361.03
A18: 2033 | B18: 106.033 | C18: 142.925 | D18: 39.27 | E18: 73.604 | F18: 361.832 | H18: 101.304 | I18: 145.339 | J18: 40.11 | K18: 75.373 | L18: 362.127
A19: 2034 | B19: 105.679 | C19: 143.859 | D19: 39.342 | E19: 74.45 | F19: 363.33 | H19: 100.561 | I19: 146.202 | J19: 40.16 | K19: 76.23 | L19: 363.154
A20: 2035 | B20: 105.506 | C20: 144.483 | D20: 39.449 | E20: 75.337 | F20: 364.774 | H20: 99.98 | I20: 146.75 | J20: 40.275 | K20: 77.108 | L20: 364.113
A21: 2036 | B21: 105.419 | C21: 144.857 | D21: 39.556 | E21: 76.332 | F21: 366.164 | H21: 99.44 | I21: 147.079 | J21: 40.397 | K21: 78.089 | L21: 365.005
... A39: 2054 | B39: 105.961 | C39: 144.086 | D39: 47.308 | E39: 85.371 | F39: 382.726 | H39: 93.448 | I39: 144.135 | J39: 48.097 | K39: 86.279 | L39: 371.96
A42: Back to Table of Contents

Sheet Figure 12
A1: This file presents the data from the figures in CBO’s January 2025 report The Demographic Outlook: 2025 to 2055.
A2: www.cbo.gov/publication/60875
A5: Figure 12. Fertility Rates, by Age Group, in CBO’s 2024 and 2025 Projections
A6: Births per woman
B8: 2024 | F8: 2025
B9: Ages 14 to 29 | C9: Ages 30 to 49 | D9: Total fertility rate | F9: Ages 14 to 29 | G9: Ages 30 to 49 | H9: Total fertility rate
A10: 2025 | B10: 0.80902826 | C10: 0.8606169 | D10: 1.6696452 | F10: 0.787 | G10: 0.836 | H10: 1.623
A11: 2026 | B11: 0.79937589 | C11: 0.87293512 | D11: 1.672311 | F11: 0.776 | G11: 0.844 | H11: 1.621
A12: 2027 | B12: 0.79066888 | C12: 0.88557075 | D12: 1.6762396 | F12: 0.765 | G12: 0.853 | H12: 1.618
A13: 2028 | B13: 0.78269003 | C13: 0.89832007 | D13: 1.6810101 | F13: 0.754 | G13: 0.861 | H13: 1.616
A14: 2029 | B14: 0.77523374 | C14: 0.91096776 | D14: 1.6862015 | F14: 0.744 | G14: 0.869 | H14: 1.613
A15: 2030 | B15: 0.76810505 | C15: 0.92328785 | D15: 1.6913929 | F15: 0.734 | G15: 0.877 | H15: 1.611
A16: 2031 | B16: 0.76111864 | C16: 0.93504473 | D16: 1.6961634 | F16: 0.725 | G16: 0.885 | H16: 1.609
A17: 2032 | B17: 0.75409791 | C17: 0.94599409 | D17: 1.700092 | F17: 0.716 | G17: 0.892 | H17: 1.608
A18: 2033 | B18: 0.74687398 | C18: 0.95588386 | D18: 1.7027578 | F18: 0.707 | G18: 0.899 | H18: 1.606
A19: 2034 | B19: 0.73928475 | C19: 0.96445525 | D19: 1.70374 | F19: 0.699 | G19: 0.905 | H19: 1.604
A20: 2035 | B20: 0.73165594 | C20: 0.97208406 | D20: 1.70374 | F20: 0.691 | G20: 0.912 | H20: 1.603
A21: 2036 | B21: 0.72441836 | C21: 0.97932164 | D21: 1.70374 | F21: 0.684 | G21: 0.918 | H21: 1.602
... A39: 2054 | B39: 0.66104058 | C39: 1.0426994 | D39: 1.70374 | F39: 0.62 | G39: 0.977 | H39: 1.596
A42: Back to Table of Contents

Sheet Figure 13
A1: This file presents the data from the figures in CBO’s January 2025 report The Demographic Outlook: 2025 to 2055.
A2: www.cbo.gov/publication/60875
A5: Figure 13. Mortality Rate, Adjusted for Age and Sex, in CBO’s 2024 and 2025 Projections
A6: Deaths per 100,000 people
B8: 2024 | C8: 2025
A9: 2025 | B9: 860.395 | C9: 845.876
A10: 2026 | B10: 848.891 | C10: 839.168
A11: 2027 | B11: 841.089 | C11: 831.393
A12: 2028 | B12: 833.368 | C12: 823.698
A13: 2029 | B13: 825.726 | C13: 816.083
A14: 2030 | B14: 818.164 | C14: 808.547
A15: 2031 | B15: 810.678 | C15: 801.089
A16: 2032 | B16: 803.27 | C16: 793.709
A17: 2033 | B17: 795.938 | C17: 786.404
A18: 2034 | B18: 788.68 | C18: 779.176
A19: 2035 | B19: 781.498 | C19: 772.021
A20: 2036 | B20: 774.388 | C20: 764.941
... A38: 2054 | B38: 658.09 | C38: 649.199
A41: Back to Table of Contents

Sheet Figure 14
A1: This file presents the data from the figures in CBO’s January 2025 report The Demographic Outlook: 2025 to 2055.
A2: www.cbo.gov/publication/60875
A5: Figure 14. Net Immigration in CBO’s 2024 and 2025 Projections
A6: Millions of people
B8: 2024 | C8: 2025
A9: 2015 | B9: 1.478 | C9: 1.475
A10: 2016 | B10: 0.885 | C10: 0.882
A11: 2017 | B11: 1.1 | C11: 1.096
A12: 2018 | B12: 0.671 | C12: 0.667
A13: 2019 | B13: 0.415 | C13: 0.411
A14: 2020 | B14: 0.808 | C14: 0.824
A15: 2021 | B15: 1.171 | C15: 1.477
A16: 2022 | B16: 2.674 | C16: 2.824
A17: 2023 | B17: 3.297 | C17: 3.301
A18: 2024 | B18: 3.299 | C18: 2.708
A19: 2025 | B19: 2.601 | C19: 2.01
A20: 2026 | B20: 1.804 | C20: 1.563
... A48: 2054 | B48: 1.166 | C48: 1.114
A51: Back to Table of Contents

Sheet Figure 15
A1: This file presents the data from the figures in CBO’s January 2025 report The Demographic Outlook: 2025 to 2055.
A2: www.cbo.gov/publication/60875
A5: Figure 15. BLS Through 2024 Plus CBO Projection of the Civilian Noninstitutionalized Population, by Age Group, in CBO’s 2024 and 2025 Projections
A6: Millions of people
B8: 2024 | H8: 2025
B9: 16 to 24 | C9: 25 to 54 | D9: 55 to 64 | E9: 65 or older | F9: Total | H9: 16 to 24 | I9: 25 to 54 | J9: 55 to 64 | K9: 65 or older | L9: Total
A10: 2025 | B10: 40.599 | C10: 131.176 | D10: 41.207 | E10: 61.343 | F10: 274.325 | H10: 39.206 | I10: 130.699 | J10: 41.42 | K10: 61.088 | L10: 272.413
A11: 2026 | B11: 40.908 | C11: 132.328 | D11: 41.073 | E11: 63.087 | F11: 277.397 | H11: 39.243 | I11: 133.4 | J11: 41.159 | K11: 63.956 | L11: 277.759
A12: 2027 | B12: 41.008 | C12: 133.278 | D12: 40.804 | E12: 64.72 | F12: 279.81 | H12: 39.22 | I12: 134.513 | J12: 40.943 | K12: 65.467 | L12: 280.144
A13: 2028 | B13: 40.862 | C13: 134.118 | D13: 40.345 | E13: 66.279 | F13: 281.604 | H13: 39.129 | I13: 135.612 | J13: 40.555 | K13: 66.873 | L13: 282.17
A14: 2029 | B14: 40.69 | C14: 135.15 | D14: 39.773 | E14: 67.744 | F14: 283.357 | H14: 38.972 | I14: 136.746 | J14: 40.071 | K14: 68.165 | L14: 283.953
A15: 2030 | B15: 40.481 | C15: 136.135 | D15: 39.293 | E15: 69.126 | F15: 285.036 | H15: 38.788 | I15: 137.884 | J15: 39.64 | K15: 69.302 | L15: 285.614
A16: 2031 | B16: 40.288 | C16: 137.145 | D16: 39.023 | E16: 70.259 | F16: 286.715 | H16: 38.596 | I16: 139.028 | J16: 39.368 | K16: 70.238 | L16: 287.23
A17: 2032 | B17: 39.987 | C17: 138.214 | D17: 38.912 | E17: 71.2 | F17: 288.314 | H17: 38.345 | I17: 140.177 | J17: 39.279 | K17: 70.985 | L17: 288.787
A18: 2033 | B18: 39.599 | C18: 139.185 | D18: 38.996 | E18: 72.031 | F18: 289.81 | H18: 37.874 | I18: 141.093 | J18: 39.304 | K18: 71.794 | L18: 290.065
A19: 2034 | B19: 39.156 | C19: 140.097 | D19: 39.064 | E19: 72.84 | F19: 291.157 | H19: 37.476 | I19: 141.799 | J19: 39.394 | K19: 72.592 | L19: 291.26
A20: 2035 | B20: 38.83 | C20: 140.711 | D20: 39.165 | E20: 73.69 | F20: 292.396 | H20: 37.117 | I20: 142.243 | J20: 39.518 | K20: 73.446 | L20: 292.323
A21: 2036 | B21: 38.556 | C21: 141.082 | D21: 39.264 | E21: 74.644 | F21: 293.547 | H21: 36.733 | I21: 142.588 | J21: 39.707 | K21: 74.227 | L21: 293.254
... A39: 2054 | B39: 39.056 | C39: 140.416 | D39: 46.973 | E39: 83.431 | F39: 309.876 | H39: 34.217 | I39: 139.564 | J39: 47.161 | K39: 81.846 | L39: 302.788
A42: Back to Table of Contents

Sheet Figure A-1
A1: This file presents the data from the figures in CBO’s January 2025 report The Demographic Outlook: 2025 to 2055.
A2: www.cbo.gov/publication/60875
A5: Figure A-1. CBO’s and Other Agencies’ Projections of the Size of the Population
A6: Millions of people
B8: CBO | C8: SSA | D8: Census Bureau (low immigration) | E8: Census Bureau | F8: Census Bureau (high immigration)
A9: 2005 | B9: 300.18 | C9: 300.18
A10: 2006 | B10: 303.625 | C10: 303.625
A11: 2007 | B11: 307.025 | C11: 307.025
A12: 2008 | B12: 309.686 | C12: 309.686
A13: 2009 | B13: 311.506 | C13: 311.506
A14: 2010 | B14: 313.985 | C14: 313.985
A15: 2011 | B15: 316.364 | C15: 316.364
A16: 2012 | B16: 318.587 | C16: 318.587
A17: 2013 | B17: 320.723 | C17: 320.723
A18: 2014 | B18: 322.961 | C18: 322.961
A19: 2015 | B19: 326.078 | C19: 326.078
A20: 2016 | B20: 328.964 | C20: 328.964
... A25: 2021 | B25: 338.039 | C25: 338.039
A26: 2022 | B26: 339.654 | C26: 339.246 | D26: 333.288 | E26: 333.288 | F26: 333.288
A27: 2023 | B27: 342.835 | C27: 340.984 | D27: 334.394 | E27: 334.906 | F27: 335.675
A28: 2024 | B28: 346.588 | C28: 343.132 | D28: 335.457 | E28: 336.482 | F28: 338.02
A29: 2025 | B29: 349.806 | C29: 345.541 | D29: 336.476 | E29: 338.016 | F29: 340.326
A30: 2026 | B30: 352.304 | C30: 347.746 | D30: 337.456 | E30: 339.513 | F30: 342.598
A31: 2027 | B31: 354.301 | C31: 349.961 | D31: 338.394 | E31: 340.97 | F31: 344.835
A32: 2028 | B32: 355.941 | C32: 352.051 | D32: 339.286 | E32: 342.385 | F32: 347.033
A33: 2029 | B33: 357.317 | C33: 354.141 | D33: 340.13 | E33: 343.754 | F33: 349.19
A34: 2030 | B34: 358.624 | C34: 356.226 | D34: 340.921 | E34: 345.074 | F34: 351.303
A35: 2031 | B35: 359.862 | C35: 358.301 | D35: 341.655 | E35: 346.339 | F35: 353.365
A36: 2032 | B36: 361.03 | C36: 360.354 | D36: 342.327 | E36: 347.545 | F36: 355.372
A37: 2033 | B37: 362.127 | C37: 362.376 | D37: 342.943 | E37: 348.702 | F37: 357.341
... A59: 2055 | B59: 372.039 | C59: 395.208 | D59: 343.795 | E59: 362.45 | F59: 390.433
A62: Back to Table of Contents

Sheet Figure A-2
A1: This file presents the data from the figures in CBO’s January 2025 report The Demographic Outlook: 2025 to 2055.
A2: www.cbo.gov/publication/60875
A5: Figure A-2. CBO’s and Other Agencies’ Projections of Fertility Rates, by Age Group
A6: Births per woman
B8: Younger than 30 | F8: 30 years or older | J8: Total
B9: CBO | C9: SSA | D9: Census Bureau | F9: CBO | G9: SSA | H9: Census Bureau | J9: CBO | K9: SSA | L9: Census Bureau
A10: 1995 | B10: 1.372 | C10: 1.372 | F10: 0.609 | G10: 0.609 | J10: 1.981 | K10: 1.981
A11: 1996 | B11: 1.358 | C11: 1.358 | F11: 0.622 | G11: 0.622 | J11: 1.98 | K11: 1.98
A12: 1997 | B12: 1.342 | C12: 1.342 | F12: 0.632 | G12: 0.632 | J12: 1.974 | K12: 1.974
A13: 1998 | B13: 1.351 | C13: 1.351 | F13: 0.651 | G13: 0.651 | J13: 2.002 | K13: 2.002
A14: 1999 | B14: 1.343 | C14: 1.343 | F14: 0.665 | G14: 0.665 | J14: 2.008 | K14: 2.008
A15: 2000 | B15: 1.357 | C15: 1.357 | F15: 0.697 | G15: 0.697 | J15: 2.054 | K15: 2.054
A16: 2001 | B16: 1.327 | C16: 1.327 | F16: 0.705 | G16: 0.705 | J16: 2.032 | K16: 2.032
A17: 2002 | B17: 1.306 | C17: 1.306 | F17: 0.719 | G17: 0.719 | J17: 2.025 | K17: 2.025
A18: 2003 | B18: 1.305 | C18: 1.305 | F18: 0.75 | G18: 0.75 | J18: 2.055 | K18: 2.055
A19: 2004 | B19: 1.296 | C19: 1.296 | F19: 0.762 | G19: 0.762 | J19: 2.059 | K19: 2.059
A20: 2005 | B20: 1.296 | C20: 1.296 | F20: 0.766 | G20: 0.766 | J20: 2.062 | K20: 2.062
A21: 2006 | B21: 1.329 | C21: 1.329 | F21: 0.783 | G21: 0.783 | J21: 2.112 | K21: 2.112
... A37: 2022 | B37: 0.829 | C37: 0.824 | F37: 0.836 | G37: 0.831 | J37: 1.665 | K37: 1.656
A38: 2023 | B38: 0.81 | C38: 0.817 | D38: 0.833 | F38: 0.814 | G38: 0.823 | H38: 0.802 | J38: 1.625 | K38: 1.64 | L38: 1.636
A39: 2024 | B39: 0.799 | C39: 0.822 | D39: 0.832 | F39: 0.826 | G39: 0.851 | H39: 0.803 | J39: 1.625 | K39: 1.673 | L39: 1.635
A40: 2025 | B40: 0.787 | C40: 0.826 | D40: 0.83 | F40: 0.836 | G40: 0.878 | H40: 0.803 | J40: 1.623 | K40: 1.704 | L40: 1.633
A41: 2026 | B41: 0.777 | C41: 0.828 | D41: 0.828 | F41: 0.845 | G41: 0.905 | H41: 0.804 | J41: 1.621 | K41: 1.733 | L41: 1.632
A42: 2027 | B42: 0.765 | C42: 0.83 | D42: 0.826 | F42: 0.853 | G42: 0.931 | H42: 0.804 | J42: 1.619 | K42: 1.761 | L42: 1.631
A43: 2028 | B43: 0.755 | C43: 0.831 | D43: 0.825 | F43: 0.862 | G43: 0.956 | H43: 0.805 | J43: 1.616 | K43: 1.787 | L43: 1.63
A44: 2029 | B44: 0.744 | C44: 0.832 | D44: 0.823 | F44: 0.87 | G44: 0.979 | H44: 0.805 | J44: 1.614 | K44: 1.811 | L44: 1.629
A45: 2030 | B45: 0.734 | C45: 0.833 | D45: 0.822 | F45: 0.877 | G45: 1 | H45: 0.806 | J45: 1.612 | K45: 1.833 | L45: 1.627
A46: 2031 | B46: 0.725 | C46: 0.833 | D46: 0.82 | F46: 0.885 | G46: 1.018 | H46: 0.807 | J46: 1.61 | K46: 1.851 | L46: 1.627
A47: 2032 | B47: 0.716 | C47: 0.833 | D47: 0.818 | F47: 0.892 | G47: 1.032 | H47: 0.807 | J47: 1.608 | K47: 1.865 | L47: 1.625
A48: 2033 | B48: 0.707 | C48: 0.833 | D48: 0.816 | F48: 0.899 | G48: 1.045 | H48: 0.808 | J48: 1.606 | K48: 1.878 | L48: 1.624
A49: 2034 | B49: 0.699 | C49: 0.833 | D49: 0.815 | F49: 0.906 | G49: 1.055 | H49: 0.808 | J49: 1.605 | K49: 1.888 | L49: 1.623
... A70: 2055 | B70: 0.62 | C70: 0.833 | D70: 0.779 | F70: 0.978 | G70: 1.067 | H70: 0.82 | J70: 1.598 | K70: 1.9 | L70: 1.599
A73: Back to Table of Contents

Sheet Figure A-3
A1: This file presents the data from the figures in CBO’s January 2025 report The Demographic Outlook: 2025 to 2055.
A2: www.cbo.gov/publication/60875
A5: Figure A-3. CBO’s and Other Agencies’ Projections of Life Expectancy at Birth
A6: Years
B8: CBO | C8: SSA | D8: Census Bureau
A9: 2025 | B9: 78.915 | C9: =AVERAGE(76.7, 81.6) -> 79.15 | D9: 80.1
A10: 2055 | B10: 82.305 | C10: =AVERAGE(79.8, 84.2) -> 82 | D10: 83.7
A13: Back to Table of Contents

Sheet Figure A-4
A1: This file presents the data from the figures in CBO’s January 2025 report The Demographic Outlook: 2025 to 2055.
A2: www.cbo.gov/publication/60875
A5: Figure A-4. CBO’s and Other Agencies’ Projections of Net Immigration
A6: Millions of people
B8: CBO | C8: Census Bureau (low immigration) | D8: Census Bureau | E8: Census Bureau (high immigration) | F8: SSA
A9: 2005 | B9: 1.884 | F9: 1.884
A10: 2006 | B10: 1.688 | F10: 1.687
A11: 2007 | B11: 0.889 | F11: 0.889
A12: 2008 | B12: 0.174 | F12: 0.174
A13: 2009 | B13: 0.899 | F13: 0.898
A14: 2010 | B14: 0.803 | F14: 0.802
A15: 2011 | B15: 0.728 | F15: 0.728
A16: 2012 | B16: 0.653 | F16: 0.653
A17: 2013 | B17: 0.816 | F17: 0.815
A18: 2014 | B18: 1.637 | F18: 1.637
A19: 2015 | B19: 1.475 | F19: 1.475
A20: 2016 | B20: 0.882 | F20: 0.882
... A26: 2022 | B26: 2.824 | F26: 1.408
A27: 2023 | B27: 3.301 | C27: 0.347 | D27: 0.853 | E27: 1.613 | F27: 1.725
A28: 2024 | B28: 2.70795 | C28: 0.36 | D28: 0.855 | E28: 1.598 | F28: 1.809
A29: 2025 | B29: 2.01035 | C29: 0.372 | D29: 0.858 | E29: 1.586 | F29: 1.519
A30: 2026 | B30: 1.56277 | C30: 0.389 | D30: 0.865 | E30: 1.579 | F30: 1.507
A31: 2027 | B31: 1.2652 | C31: 0.403 | D31: 0.871 | E31: 1.572 | F31: 1.367
A32: 2028 | B32: 1.06764 | C32: 0.415 | D32: 0.874 | E32: 1.563 | F32: 1.36
A33: 2029 | B33: 1.07009 | C33: 0.426 | D33: 0.878 | E33: 1.555 | F33: 1.355
A34: 2030 | B34: 1.07255 | C34: 0.434 | D34: 0.879 | E34: 1.546 | F34: 1.349
A35: 2031 | B35: 1.07503 | C35: 0.439 | D35: 0.877 | E35: 1.533 | F35: 1.343
A36: 2032 | B36: 1.07752 | C36: 0.439 | D36: 0.87 | E36: 1.517 | F36: 1.337
A37: 2033 | B37: 1.08002 | C37: 0.446 | D37: 0.876 | E37: 1.521 | F37: 1.331
A38: 2034 | B38: 1.08254 | C38: 0.454 | D38: 0.882 | E38: 1.525 | F38: 1.325
... A59: 2055 | B59: 1.11405 | C59: 0.547 | D59: 0.949 | E59: 1.553 | F59: 1.251
A62: Back to Table of Contents
